normalized_key,filename,source_relative_path
ag03,ag03.dat,airfoils dat/ag03.dat
ag04,ag04.dat,airfoils dat/ag04.dat
ag08,ag08.dat,airfoils dat/ag08.dat
ag09,ag09.dat,airfoils dat/ag09.dat
ag10,ag10.dat,airfoils dat/ag10.dat
ag11,ag11.dat,airfoils dat/ag11.dat
ag12,ag12.dat,airfoils dat/ag12.dat
ag13,ag13.dat,airfoils dat/ag13.dat
ag14,ag14.dat,airfoils dat/ag14.dat
ag16,ag16.dat,airfoils dat/ag16.dat
ag17,ag17.dat,airfoils dat/ag17.dat
ag18,ag18.dat,airfoils dat/ag18.dat
ag19,ag19.dat,airfoils dat/ag19.dat
ag23,ag23.dat,airfoils dat/ag23.dat
ag24,ag24.dat,airfoils dat/ag24.dat
ag25,ag25.dat,airfoils dat/ag25.dat
ag26,ag26.dat,airfoils dat/ag26.dat
ag27,ag27.dat,airfoils dat/ag27.dat
ag35,ag35.dat,airfoils dat/ag35.dat
ag36,ag36.dat,airfoils dat/ag36.dat
ag37,ag37.dat,airfoils dat/ag37.dat
ag38,ag38.dat,airfoils dat/ag38.dat
clarky,clarky.dat,airfoils dat/clarky.dat
clarkyh,clarkyh.dat,airfoils dat/clarkyh.dat
clarkys,clarkys.dat,airfoils dat/clarkys.dat
e168,e168.dat,airfoils dat/e168.dat
e171,e171.dat,airfoils dat/e171.dat
e184,e184.dat,airfoils dat/e184.dat
e186,e186.dat,airfoils dat/e186.dat
e193,e193.dat,airfoils dat/e193.dat
e205,e205.dat,airfoils dat/e205.dat
e374,e374.dat,airfoils dat/e374.dat
e387,e387.dat,airfoils dat/e387.dat
fx049915,fx049915.dat,airfoils dat/fx049915.dat
fx05188,fx05188.dat,airfoils dat/fx05188.dat
fx05191,fx05191.dat,airfoils dat/fx05191.dat
fx057816,fx057816.dat,airfoils dat/fx057816.dat
fx05h126,fx05h126.dat,airfoils dat/fx05h126.dat
fx082512,fx082512.dat,airfoils dat/fx082512.dat
fx08s176,fx08s176.dat,airfoils dat/fx08s176.dat
fx2,fx2.dat,airfoils dat/fx2.dat
fx3,fx3.dat,airfoils dat/fx3.dat
fx38153,fx38153.dat,airfoils dat/fx38153.dat
fx60100,fx60100.dat,airfoils dat/fx60100.dat
fx601001,fx601001.dat,airfoils dat/fx601001.dat
fx60100sm,fx60100sm.dat,airfoils dat/fx60100sm.dat
fx60126,fx60126.dat,airfoils dat/fx60126.dat
fx601261,fx601261.dat,airfoils dat/fx601261.dat
fx60157,fx60157.dat,airfoils dat/fx60157.dat
fx60160,fx60160.dat,airfoils dat/fx60160.dat
fx60177,fx60177.dat,airfoils dat/fx60177.dat
fx61140,fx61140.dat,airfoils dat/fx61140.dat
fx61147,fx61147.dat,airfoils dat/fx61147.dat
mh30,mh30.dat,airfoils dat/mh30.dat
mh32,mh32.dat,airfoils dat/mh32.dat
mh43,mh43.dat,airfoils dat/mh43.dat
mh45,mh45.dat,airfoils dat/mh45.dat
mh60,mh60.dat,airfoils dat/mh60.dat
naca0010,naca0010.dat,airfoils dat/naca0010.dat
naca0015,naca0015.dat,airfoils dat/naca0015.dat
naca23012,naca23012.dat,airfoils dat/naca23012.dat
naca23015,naca23015.dat,airfoils dat/naca23015.dat
naca2412,naca2412.dat,airfoils dat/naca2412.dat
naca4412,naca4412.dat,airfoils dat/naca4412.dat
naca63206,naca63206.dat,airfoils dat/naca63206.dat
naca63209,naca63209.dat,airfoils dat/naca63209.dat
naca632615,naca632615.dat,airfoils dat/naca632615.dat
naca632a015,naca632a015.dat,airfoils dat/naca632a015.dat
naca633018,naca633018.dat,airfoils dat/naca633018.dat
naca633218,naca633218.dat,airfoils dat/naca633218.dat
naca633418,naca633418.dat,airfoils dat/naca633418.dat
naca633618,naca633618.dat,airfoils dat/naca633618.dat
naca634221,naca634221.dat,airfoils dat/naca634221.dat
naca634421,naca634421.dat,airfoils dat/naca634421.dat
rg12,rg12.dat,airfoils dat/rg12.dat
rg14,rg14.dat,airfoils dat/rg14.dat
rg15,rg15.dat,airfoils dat/rg15.dat
s1210,s1210.dat,airfoils dat/s1210.dat
s1223,s1223.dat,airfoils dat/s1223.dat
s5010,s5010.dat,airfoils dat/s5010.dat
s5020,s5020.dat,airfoils dat/s5020.dat
s6061,s6061.dat,airfoils dat/s6061.dat
s6062,s6062.dat,airfoils dat/s6062.dat
sd7003,sd7003.dat,airfoils dat/sd7003.dat
sd7037,sd7037.dat,airfoils dat/sd7037.dat
sd7062,sd7062.dat,airfoils dat/sd7062.dat
sd7080,sd7080.dat,airfoils dat/sd7080.dat
sd7084,sd7084.dat,airfoils dat/sd7084.dat
sd8020,sd8020.dat,airfoils dat/sd8020.dat
sd8040,sd8040.dat,airfoils dat/sd8040.dat
